{"cameraMode":{"drawMode":0,"name":"Shaded","section":"Shading Mode"},"sceneLighting":false,"audioPlay":false,"sceneViewState":{"m_AlwaysRefresh":false,"showFog":true,"showSkybox":false,"showFlares":true,"showImageEffects":true,"showParticleSystems":true,"showVisualEffectGraphs":true,"m_FxEnabled":true},"in2DMode":false,"pivot":{"x":-2.4243650436401369,"y":0.9591759443283081,"z":0.9238831996917725},"rotation":{"x":-0.03333434835076332,"y":-0.7554362416267395,"z":-0.03826281428337097,"w":0.6532557010650635},"size":2.5940263271331789,"orthographic":false}