{"cameraMode":{"drawMode":0,"name":"Shaded","section":"Shading Mode"},"sceneLighting":false,"audioPlay":false,"sceneViewState":{"m_AlwaysRefresh":false,"showFog":true,"showSkybox":false,"showFlares":true,"showImageEffects":true,"showParticleSystems":true,"showVisualEffectGraphs":true,"m_FxEnabled":true},"in2DMode":false,"pivot":{"x":-0.0016832351684570313,"y":0.3561563491821289,"z":-0.004434213042259216},"rotation":{"x":0.006151448003947735,"y":0.9912903904914856,"z":-0.049408722668886188,"w":0.12220548093318939},"size":0.5804303288459778,"orthographic":false}