{"cameraMode":{"drawMode":0,"name":"Shaded","section":"Shading Mode"},"sceneLighting":false,"audioPlay":false,"sceneViewState":{"m_AlwaysRefresh":false,"showFog":true,"showSkybox":false,"showFlares":true,"showImageEffects":true,"showParticleSystems":true,"showVisualEffectGraphs":true,"m_FxEnabled":true},"in2DMode":false,"pivot":{"x":-0.00006809830665588379,"y":0.031475313007831576,"z":-0.013364672660827637},"rotation":{"x":-0.005223576445132494,"y":0.9346269369125366,"z":-0.35533228516578677,"w":-0.013739113695919514},"size":0.6458470821380615,"orthographic":true}