{"cameraMode":{"drawMode":0,"name":"Shaded","section":"Shading Mode"},"sceneLighting":true,"audioPlay":false,"sceneViewState":{"m_AlwaysRefresh":false,"showFog":true,"showSkybox":true,"showFlares":true,"showImageEffects":true,"showParticleSystems":true,"showVisualEffectGraphs":true,"m_FxEnabled":true},"in2DMode":false,"pivot":{"x":1077.2462158203125,"y":645.7700805664063,"z":15.164642333984375},"rotation":{"x":0.003309057094156742,"y":-0.015004783868789673,"z":0.00004361051833257079,"w":0.9999086856842041},"size":623.742919921875,"orthographic":true}