{"cameraMode":{"drawMode":0,"name":"Shaded","section":"Shading Mode"},"sceneLighting":true,"audioPlay":false,"sceneViewState":{"m_AlwaysRefresh":false,"showFog":true,"showSkybox":true,"showFlares":true,"showImageEffects":true,"showParticleSystems":true,"showVisualEffectGraphs":true,"m_FxEnabled":true},"in2DMode":false,"pivot":{"x":46.56098937988281,"y":-59.19062042236328,"z":-69.67817687988281},"rotation":{"x":0.018062252551317216,"y":0.9033863544464111,"z":-0.42674294114112856,"w":0.038236938416957858},"size":73.90943145751953,"orthographic":true}