{"cameraMode":{"drawMode":0,"name":"Shaded","section":"Shading Mode"},"sceneLighting":false,"audioPlay":false,"sceneViewState":{"m_AlwaysRefresh":false,"showFog":true,"showSkybox":false,"showFlares":true,"showImageEffects":true,"showParticleSystems":true,"showVisualEffectGraphs":true,"m_FxEnabled":true},"in2DMode":false,"pivot":{"x":0.006549470126628876,"y":0.1905563920736313,"z":-0.014693103730678559},"rotation":{"x":0.19632253050804139,"y":0.4205859899520874,"z":-0.09374671429395676,"w":0.8807870149612427},"size":0.32890430092811587,"orthographic":false}