{"cameraMode":{"drawMode":0,"name":"Shaded","section":"Shading Mode"},"sceneLighting":false,"audioPlay":false,"sceneViewState":{"m_AlwaysRefresh":false,"showFog":true,"showSkybox":false,"showFlares":true,"showImageEffects":true,"showParticleSystems":true,"showVisualEffectGraphs":true,"m_FxEnabled":true},"in2DMode":false,"pivot":{"x":-0.15310753881931306,"y":1.2552920579910279,"z":0.24803531169891358},"rotation":{"x":0.000607330584898591,"y":-0.9972071051597595,"z":0.010716157965362072,"w":0.07392873615026474},"size":4.2674150466918949,"orthographic":false}