{"cameraMode":{"drawMode":0,"name":"Shaded","section":"Shading Mode"},"sceneLighting":false,"audioPlay":false,"sceneViewState":{"m_AlwaysRefresh":false,"showFog":true,"showSkybox":false,"showFlares":true,"showImageEffects":true,"showParticleSystems":true,"showVisualEffectGraphs":true,"m_FxEnabled":true},"in2DMode":false,"pivot":{"x":-0.5391601920127869,"y":0.7035216689109802,"z":-0.28506767749786379},"rotation":{"x":0.14370368421077729,"y":0.6407477855682373,"z":-0.12376677244901657,"w":0.7439645528793335},"size":1.835809588432312,"orthographic":false}