{"cameraMode":{"drawMode":0,"name":"Shaded","section":"Shading Mode"},"sceneLighting":false,"audioPlay":false,"sceneViewState":{"m_AlwaysRefresh":false,"showFog":true,"showSkybox":false,"showFlares":true,"showImageEffects":true,"showParticleSystems":true,"showVisualEffectGraphs":true,"m_FxEnabled":true},"in2DMode":false,"pivot":{"x":-0.0743025541305542,"y":-0.24851840734481812,"z":0.44763416051864626},"rotation":{"x":0.15655653178691865,"y":0.7625401616096497,"z":-0.18367916345596314,"w":0.6002416610717773},"size":0.8385708928108215,"orthographic":false}