{"cameraMode":{"drawMode":0,"name":"Shaded","section":"Shading Mode"},"sceneLighting":false,"audioPlay":false,"sceneViewState":{"m_AlwaysRefresh":false,"showFog":true,"showSkybox":false,"showFlares":true,"showImageEffects":true,"showParticleSystems":true,"showVisualEffectGraphs":true,"m_FxEnabled":true},"in2DMode":false,"pivot":{"x":0.11428499966859818,"y":0.23900765180587769,"z":-0.1614542454481125},"rotation":{"x":-0.02600111998617649,"y":0.9685900807380676,"z":-0.21894560754299165,"w":-0.1150229200720787},"size":0.7440849542617798,"orthographic":false}