{"cameraMode":{"drawMode":0,"name":"Shaded","section":"Shading Mode"},"sceneLighting":false,"audioPlay":false,"sceneViewState":{"m_AlwaysRefresh":false,"showFog":true,"showSkybox":false,"showFlares":true,"showImageEffects":true,"showParticleSystems":true,"showVisualEffectGraphs":true,"m_FxEnabled":true},"in2DMode":false,"pivot":{"x":-0.08685842156410217,"y":0.30684465169906618,"z":-0.18788529932498933},"rotation":{"x":0.0626583844423294,"y":-0.9344750046730042,"z":0.28168442845344546,"w":0.2085302174091339},"size":0.5452560186386108,"orthographic":false}