{"cameraMode":{"drawMode":0,"name":"Shaded","section":"Shading Mode"},"sceneLighting":false,"audioPlay":false,"sceneViewState":{"m_AlwaysRefresh":false,"showFog":true,"showSkybox":false,"showFlares":true,"showImageEffects":true,"showParticleSystems":true,"showVisualEffectGraphs":true,"m_FxEnabled":true},"in2DMode":false,"pivot":{"x":-0.6810082793235779,"y":0.29470884799957278,"z":-0.03236350417137146},"rotation":{"x":0.04698498547077179,"y":-0.9406463503837586,"z":0.14677880704402924,"w":0.3023812770843506},"size":0.8314580321311951,"orthographic":false}