{"cameraMode":{"drawMode":0,"name":"Shaded","section":"Shading Mode"},"sceneLighting":false,"audioPlay":false,"sceneViewState":{"m_AlwaysRefresh":false,"showFog":true,"showSkybox":false,"showFlares":true,"showImageEffects":true,"showParticleSystems":true,"showVisualEffectGraphs":true,"m_FxEnabled":true},"in2DMode":false,"pivot":{"x":0.08359718322753906,"y":0.8390901684761047,"z":0.27123919129371645},"rotation":{"x":0.17170271277427674,"y":0.5860159397125244,"z":-0.12877598404884339,"w":0.7813636064529419},"size":2.458919048309326,"orthographic":false}