{"cameraMode":{"drawMode":0,"name":"Shaded","section":"Shading Mode"},"sceneLighting":false,"audioPlay":false,"sceneViewState":{"m_AlwaysRefresh":false,"showFog":true,"showSkybox":false,"showFlares":true,"showImageEffects":true,"showParticleSystems":true,"showVisualEffectGraphs":true,"m_FxEnabled":true},"in2DMode":false,"pivot":{"x":0.00010482966899871826,"y":-0.03794947266578674,"z":-0.158142551779747},"rotation":{"x":-0.005223576445132494,"y":0.9346269369125366,"z":-0.35533228516578677,"w":-0.013739113695919514},"size":0.2438226342201233,"orthographic":true}