{"cameraMode":{"drawMode":0,"name":"Shaded","section":"Shading Mode"},"sceneLighting":false,"audioPlay":false,"sceneViewState":{"m_AlwaysRefresh":false,"showFog":true,"showSkybox":false,"showFlares":true,"showImageEffects":true,"showParticleSystems":true,"showVisualEffectGraphs":true,"m_FxEnabled":true},"in2DMode":false,"pivot":{"x":0.00010482966899871826,"y":-0.03794947266578674,"z":-0.158142551779747},"rotation":{"x":-0.175052672624588,"y":0.6116276979446411,"z":-0.14115066826343537,"w":-0.7585192918777466},"size":1.5424022674560547,"orthographic":true}