{"cameraMode":{"drawMode":0,"name":"Shaded","section":"Shading Mode"},"sceneLighting":false,"audioPlay":false,"sceneViewState":{"m_AlwaysRefresh":false,"showFog":true,"showSkybox":false,"showFlares":true,"showImageEffects":true,"showParticleSystems":true,"showVisualEffectGraphs":true,"m_FxEnabled":true},"in2DMode":false,"pivot":{"x":0.010308600962162018,"y":0.20983943343162538,"z":-0.008476708084344864},"rotation":{"x":0.19632253050804139,"y":0.4205859899520874,"z":-0.09374671429395676,"w":0.8807870149612427},"size":0.37033966183662417,"orthographic":false}