{"cameraMode":{"drawMode":0,"name":"Shaded","section":"Shading Mode"},"sceneLighting":false,"audioPlay":false,"sceneViewState":{"m_AlwaysRefresh":false,"showFog":true,"showSkybox":false,"showFlares":true,"showImageEffects":true,"showParticleSystems":true,"showVisualEffectGraphs":true,"m_FxEnabled":true},"in2DMode":false,"pivot":{"x":0.3806383013725281,"y":0.2427855134010315,"z":-0.25416994094848635},"rotation":{"x":-0.022370491176843644,"y":0.6297749280929565,"z":-0.018147725611925126,"w":-0.776248037815094},"size":2.3424782752990724,"orthographic":true}