{"cameraMode":{"drawMode":0,"name":"Shaded","section":"Shading Mode"},"sceneLighting":false,"audioPlay":false,"sceneViewState":{"m_AlwaysRefresh":false,"showFog":true,"showSkybox":false,"showFlares":true,"showImageEffects":true,"showParticleSystems":true,"showVisualEffectGraphs":true,"m_FxEnabled":true},"in2DMode":false,"pivot":{"x":0.9235742688179016,"y":0.4149901866912842,"z":-0.4859006404876709},"rotation":{"x":-0.21709156036376954,"y":-0.06379149109125138,"z":0.014218908734619618,"w":-0.9739637970924377},"size":2.751615524291992,"orthographic":true}