{"cameraMode":{"drawMode":0,"name":"Shaded","section":"Shading Mode"},"sceneLighting":false,"audioPlay":false,"sceneViewState":{"m_AlwaysRefresh":false,"showFog":true,"showSkybox":false,"showFlares":true,"showImageEffects":true,"showParticleSystems":true,"showVisualEffectGraphs":true,"m_FxEnabled":true},"in2DMode":false,"pivot":{"x":10.084280014038086,"y":-1.408272385597229,"z":23.897727966308595},"rotation":{"x":0.0697406753897667,"y":0.23353168368339539,"z":-0.007380071096122265,"w":0.969818115234375},"size":21.521854400634767,"orthographic":false}