{"cameraMode":{"drawMode":0,"name":"Shaded","section":"Shading Mode"},"sceneLighting":false,"audioPlay":false,"sceneViewState":{"m_AlwaysRefresh":false,"showFog":true,"showSkybox":false,"showFlares":true,"showImageEffects":true,"showParticleSystems":true,"showVisualEffectGraphs":true,"m_FxEnabled":true},"in2DMode":false,"pivot":{"x":-0.017150625586509706,"y":0.35417497158050539,"z":-0.32595694065093996},"rotation":{"x":-0.03588029369711876,"y":0.7644900679588318,"z":-0.04270964115858078,"w":-0.642223060131073},"size":2.6465344429016115,"orthographic":true}